navn,stavelser,frekvens,klasse,type
Xia,Xia,46,Annet,etternavn
Xie,Xie,56,Annet,etternavn
Xu,Xu,184,Annet,etternavn
Xue,Xue,43,Annet,etternavn
Yaman,Ya|man,63,Annet,etternavn
Yan,Yan,49,Annet,etternavn
Yang,Yang,206,Annet,etternavn
Yasar,Ya|sar,85,Annet,etternavn
Yasin,Ya|sin,148,Annet,etternavn
Yassin,Yas|sin,89,Annet,etternavn
Yddal,Y|ddal,29,Gårdsnavn,etternavn
Ydersbond,Y|ders|bond,21,Gårdsnavn,etternavn
Ydse,Yd|se,112,Gårdsnavn,etternavn
Ydstebø,Yd|ste|bø,125,Gårdsnavn,etternavn
Ydsti,Yd|sti,22,Gårdsnavn,etternavn
Ydstie,Yd|sti|e,42,Gårdsnavn,etternavn
Ydstines,Yd|sti|nes,17,Gårdsnavn,etternavn
Ye,Ye,78,Annet,etternavn
Yggeseth,Ygg|e|seth,64,Gårdsnavn,etternavn
Ygre,Y|gre,13,Gårdsnavn,etternavn
Yildirim,Y|li|di|rim,217,Annet,etternavn
Yildiz,Y|il|diz,253,Annet,etternavn
Yilmaz,Y|il|maz,246,Annet,etternavn
Yksnøy,Yks|nøy,132,Gårdsnavn,etternavn
Yli,Y|li,25,Gårdsnavn,etternavn
Ylvisaker,Yl|vis|aker,26,Gårdsnavn,etternavn
Ylvisåker,Yl|vis|åker,76,Gårdsnavn,etternavn
Yndesdal,Ynd|es|dal,71,Gårdsnavn,etternavn
Yndestad,Ynd|es|tad,379,Gårdsnavn,etternavn
Ynnesdal,Ynn|es|dal,128,Gårdsnavn,etternavn
Yohannes,Yo|hann|es,134,Annet,etternavn
Younas,Yo|un|as,65,Annet,etternavn
Young,Young,172,Annet,etternavn
Younis,You|nis,89,Annet,etternavn
Yousaf,You|saf,104,Annet,etternavn
Yousef,You|sef,94,Annet,etternavn
Yousefi,You|se|fi,75,Annet,etternavn
Yousif,You|sif,81,Annet,etternavn
Youssef,Yous|sef,47,Annet,etternavn
Yousuf,You|suf,41,Annet,etternavn
Yri,Y|ri,214,Gårdsnavn,etternavn
Yrke,Yr|ke,62,Gårdsnavn,etternavn
Yrkje,Yr|kje,12,Gårdsnavn,etternavn
Yrstad,Yr|stad,11,Gårdsnavn,etternavn
Ysland,Ys|land,121,Gårdsnavn,etternavn
Yssen,Ys|sen,39,Gårdsnavn,etternavn
Ystad,Y|stad,99,Gårdsnavn,etternavn
Ystanes,Y|stad|nes,100,Gårdsnavn,etternavn
Ystebø,Yste|bø,132,Gårdsnavn,etternavn
Ystehede,Yste|hed|e,26,Gårdsnavn,etternavn
Ystenes,Yste|nes,92,Gårdsnavn,etternavn
Ysterud,Yste|rud,11,Gårdsnavn,etternavn
Ystgård,Yst|gård,27,Gårdsnavn,etternavn
Ystgaard,Yst|gaard,58,Gårdsnavn,etternavn
Ystheim,Yst|heim,40,Gårdsnavn,etternavn
Ystmark,Yst|mark,64,Gårdsnavn,etternavn
Ystnæs,Yst|næs,13,Gårdsnavn,etternavn
Ystrøm,Yst|røm,26,Annet,etternavn
Ystaas,Yst|aas,47,Gårdsnavn,etternavn
Ytre,Y|tre,20,Gårdsnavn,etternavn
Ytre-Arne,Y|tre|ar|ne,49,Gårdsnavn,etternavn
Ytre-Eide,Y|tre|ei|de,37,Gårdsnavn,etternavn
Ytrearne,Y|tre|ar|ne,41,Gårdsnavn,etternavn
Ytreberg,Y|tre|berg,74,Gårdsnavn,etternavn
Ytrebø,Y|tre|bø,38,Gårdsnavn,etternavn
Ytredal,Y|tre|dal,109,Gårdsnavn,etternavn
Ytreeide,Y|tre|ei|de,29,Gårdsnavn,etternavn
YtreHauge,Y|tre|hau|ge,46,Gårdsnavn,etternavn
Ytrehorn,Y|tre|horn,24,Gårdsnavn,etternavn
Ytrehus,Y|tre|hus,106,Gårdsnavn,etternavn
Ytreland,Y|tre|land,286,Gårdsnavn,etternavn
Ytrelid,Y|tre|lid,35,Gårdsnavn,etternavn
Ytrestøl,Y|tre|støl,13,Gårdsnavn,etternavn
Ytrestøyl,Y|tre|støyl,43,Gårdsnavn,etternavn
Ytrøy,Ytr|øy,103,Gårdsnavn,etternavn
Ytteborg,Ytte|borg,32,Gårdsnavn,etternavn
Ytterbø,Ytter|bø,77,Gårdsnavn,etternavn
Ytterdahl,Ytter|dahl,126,Gårdsnavn,etternavn
Ytterdal,Ytter|dal,144,Gårdsnavn,etternavn
Yttereng,Ytter|eng,43,Gårdsnavn,etternavn
Yttergård,Ytter|gård,67,Gårdsnavn,etternavn
Ytterhaug,Ytter|haug,71,Gårdsnavn,etternavn
Ytterhus,Ytter|hus,57,Gårdsnavn,etternavn
Ytterland,Ytter|land,166,Gårdsnavn,etternavn
Ytterli,Ytter|li,70,Gårdsnavn,etternavn
Ytterlid,Ytter|lid,14,Gårdsnavn,etternavn
Yttersian,Ytter|si|an,51,Gårdsnavn,etternavn
Ytterstad,Ytter|stad,238,Gårdsnavn,etternavn
Yttervik,Ytter|vik,260,Gårdsnavn,etternavn
Yttervoll,Ytter|voll,38,Gårdsnavn,etternavn
Ytterøy,Ytter|øy,25,Gårdsnavn,etternavn
Ytterås,Ytter|ås,31,Gårdsnavn,etternavn
Yttredal,Yttre|dal,31,Gårdsnavn,etternavn
Yttreeide,Yttre|ei|de,16,Gårdsnavn,etternavn
Yttregaard,Yttre|gaard,11,Gårdsnavn,etternavn
Yttrehus,Yttre|hus,27,Gårdsnavn,etternavn
Yttri,Ytt|ri,127,Gårdsnavn,etternavn
Yu,Yu,144,Annet,etternavn
Yuen,Yu|en,43,Annet,etternavn
Yussuf,Yus|suf,49,Annet,etternavn
Yusuf,Yu|suf,621,Annet,etternavn
Yuusuf,Yuu|suf,34,Annet,etternavn
Yven,Y|ven,59,Gårdsnavn,etternavn
Zacariassen,Za|ca|ri|ass|en,10,Patronym,etternavn
Zachariasen,Za|cha|ri|as|en,22,Patronym,etternavn
Zachariassen,Za|cha|ri|ass|en,582,Patronym,etternavn
Zachrisen,Za|chri|sen,42,Patronym,etternavn
Zachrisson,Za|chri|sson,25,Patronym,etternavn
Zafar,Za|far,104,Annet,etternavn
Zahid,Za|hid,109,Annet,etternavn
Zahl,Zahl,369,Annet,etternavn
Zaidi,Za|i|di,66,Annet,etternavn
Zajac,Za|jac,98,Annet,etternavn
Zak,Zak,82,Annet,etternavn
Zakariassen,Za|ka|ri|ass|en,399,Patronym,etternavn
Zaman,Za|man,131,Annet,etternavn
Zamani,Za|man|i,38,Annet,etternavn
Zappfe,Za|ppfe,65,Annet,etternavn
Zawadzka,Za|wad|zka,19,Annet,etternavn
Zawadzki,Za|wad|zki,65,Annet,etternavn
Zeiner,Zei|ner,58,Annet,etternavn
Zernichow,Zer|ni|chow,61,Annet,etternavn
Zetlitz,Zet|litz,40,Annet,etternavn
Zetterstrøm,Zett|er|strøm,130,Annet,etternavn
Zhalsen,Zhal|sen,41,Patronym,etternavn
Zhang,Zhang,432,Annet,etternavn
Zhao,Zhano,110,Annet,etternavn
Zheng,Zheng,67,Annet,etternavn
Zhou,Zhou,106,Annet,etternavn
Zhu,Zhu,88,Annet,etternavn
Zia,Zia,83,Annet,etternavn
Ziegler,Zie|gler,73,Annet,etternavn
Zielenska,Zi|el|en|ska,69,Annet,etternavn
Zielenski,Zi|el|en|ski,192,Annet,etternavn
Ziener,Zi|en|er,69,Annet,etternavn
Zimmer,Zimm|er,101,Annet,etternavn
Zimmermann,Zimm|er|mann,250,Annet,etternavn
Ziolkowska,Zi|ol|kow|ska,20,Annet,etternavn
Ziolkowski,Zi|ol|kow|ski,60,Annet,etternavn
Zurawska,Zu|raw|ska,13,Annet,etternavn
Zurawski,Zu|raw|ski,46,Annet,etternavn
Ærø,æ|rø,30,Gårdsnavn,etternavn
Æsøy,æs|øy,66,Gårdsnavn,etternavn
Øberg,ø|berg,172,Gårdsnavn,etternavn
Øby,ø|by,93,Gårdsnavn,etternavn
Øde,ø|de,23,Gårdsnavn,etternavn
Ødeby,ø|de|by,61,Gårdsnavn,etternavn
Ødefjeld,ø|de|fjeld,12,Gårdsnavn,etternavn
Ødegård,ø|de|gård,4424,Gårdsnavn,etternavn
Ødegaard,ø|de|gaard,2420,Gårdsnavn,etternavn
Ødegården,ø|de|gård|en,315,Gårdsnavn,etternavn
Ødegaarden,ø|de|gaar|den,69,Gårdsnavn,etternavn
Ødejord,ø|de|jord,20,Gårdsnavn,etternavn
Ødeli,øde|li,19,Gårdsnavn,etternavn
Ødelien,ø|de|li|en,50,Gårdsnavn,etternavn
Ødemark,ø|de|mark,180,Gårdsnavn,etternavn
Ødemotland,ø|de|mot|land,31,Gårdsnavn,etternavn
Øderud,ø|de|rud,67,Gårdsnavn,etternavn
Ødeskaug,ø|de|skaug,53,Gårdsnavn,etternavn
Ødevarp,ø|de|varp,11,Gårdsnavn,etternavn
Ødeverp,ø|de|verp,13,Gårdsnavn,etternavn
Ødven,ød|ven,68,Gårdsnavn,etternavn
Øen,ø|en,764,Gårdsnavn,etternavn
Øfeldt,ø|feldt,28,Gårdsnavn,etternavn
Øfstbø,øfst|bø,12,Gårdsnavn,etternavn
Øfstebø,øf|ste|bø,13,Gårdsnavn,etternavn
Øfstedal,øf|ste|dal,27,Gårdsnavn,etternavn
Øfsteng,øfst|eng,34,Gårdsnavn,etternavn
Øfsthus,øfst|hus,26,Gårdsnavn,etternavn
Øfsti,øf|sti,115,Gårdsnavn,etternavn
Øfstaas,øf|staas,86,Gårdsnavn,etternavn
Øgreid,ø|greid,126,Gårdsnavn,etternavn
Øgrey,ø|grey,44,Gårdsnavn,etternavn
Øgrim,ø|grim,26,Gårdsnavn,etternavn
Øgaard,ø|gaard,174,Gårdsnavn,etternavn
Øgård,ø|gård,129,Gårdsnavn,etternavn
Øhlen,øh|len,43,Gårdsnavn,etternavn
Øhlund,øh|lund,33,Gårdsnavn,etternavn
Øhman,øh|man,66,Gårdsnavn,etternavn
Øhra,øhr|a,17,Gårdsnavn,etternavn
Øhre,øhr|e,65,Gårdsnavn,etternavn
Øhren,øhr|en,27,Gårdsnavn,etternavn
Øhrn,øhrn,117,Annet,etternavn
Øi,øi,55,Gårdsnavn,etternavn
Øia,øi|a,72,Gårdsnavn,etternavn
Øiahals,øi|a|hals,45,Gårdsnavn,etternavn
Øiamo,øi|a|mo,63,Gårdsnavn,etternavn
Øian,øi|an,137,Gårdsnavn,etternavn
Øiangen,øi|ang|en,33,Gårdsnavn,etternavn
Øibakken,øi|bakk|en,23,Gårdsnavn,etternavn
Øiberg,øi|berg,19,Gårdsnavn,etternavn
Øidna,øid|na,12,Gårdsnavn,etternavn
Øidne,øid|ne,18,Gårdsnavn,etternavn
Øidvin,øi|dvin,23,Gårdsnavn,etternavn
Øie,øi|e,562,Gårdsnavn,etternavn
Øiehaug,øi|e|haug,24,Gårdsnavn,etternavn
Øien,øi|en,2162,Gårdsnavn,etternavn
Øieren,øi|er|en,33,Gårdsnavn,etternavn
Øierud,øi|e|rud,11,Gårdsnavn,etternavn
Øieset,øi|e|set,11,Gårdsnavn,etternavn
Øiestad,øi|e|stad,237,Gårdsnavn,etternavn
Øiesvold,øi|es|vold,70,Gårdsnavn,etternavn
Øigarden,øi|gar|den,63,Gårdsnavn,etternavn
Øigjord,øi|gjord,17,Gårdsnavn,etternavn
Øigård,øi|gård,34,Gårdsnavn,etternavn
Øihaugen,øi|haug|en,19,Gårdsnavn,etternavn
Øijord,øi|jord,64,Gårdsnavn,etternavn
Øijordsbakken,øi|jords|bakken,33,Gårdsnavn,etternavn
Øimoen,øi|mo|en,31,Gårdsnavn,etternavn
Øina,øi|na,26,Gårdsnavn,etternavn
Øines,øi|nes,22,Gårdsnavn,etternavn
Øino,øi|no,18,Gårdsnavn,etternavn
Øiom,øi|om,59,Gårdsnavn,etternavn
Øiongen,øi|ong|en,18,Gårdsnavn,etternavn
Øiseth,øi|seth,232,Gårdsnavn,etternavn
Øisjøfoss,øi|sjø|foss,17,Gårdsnavn,etternavn
Øistad,øi|stad,122,Gårdsnavn,etternavn
Øistensen,øi|sten|sen,11,Patronym,etternavn
Øium,øi|um,14,Gårdsnavn,etternavn
Øiumshaugen,øi|ums|haug|en,29,Gårdsnavn,etternavn
Øiaas,øi|aas,52,Gårdsnavn,etternavn
Økdal,øk|dal,42,Gårdsnavn,etternavn
Økelsrud,øk|els|rud,14,Gårdsnavn,etternavn
Økern,øk|ern,93,Gårdsnavn,etternavn
Økland,øk|land,1372,Gårdsnavn,etternavn
Øksdahl,øks|dahl,14,Gårdsnavn,etternavn
Øksdal,øks|dal,37,Gårdsnavn,etternavn
Øksenberg,øks|en|berg,40,Gårdsnavn,etternavn
Øksendal,øks|en|dal,214,Gårdsnavn,etternavn
Øksenholt,øks|en|holt,66,Gårdsnavn,etternavn
Øksenvåg,øks|en|våg,81,Gårdsnavn,etternavn
Økseter,øk|set|er,40,Gårdsnavn,etternavn
Øksne,øks|ne,59,Gårdsnavn,etternavn
Øksnes,øks|nes,464,Gårdsnavn,etternavn
Øksnevad,øks|ne|vad,162,Gårdsnavn,etternavn
Økstad,øk|stad,54,Gårdsnavn,etternavn
Økter,øk|ter,21,Gårdsnavn,etternavn
Øktner,økt|ner,23,Gårdsnavn,etternavn
Ølander,øl|and|er,37,Annet,etternavn
Ølberg,øl|berg,215,Gårdsnavn,etternavn
Ølfarnes,øl|far|nes,19,Gårdsnavn,etternavn
Ølmheim,ølm|heim,207,Gårdsnavn,etternavn
Ølnes,øl|nes,148,Gårdsnavn,etternavn
Ølness,øl|ness,17,Gårdsnavn,etternavn
Ølstad,øl|stad,112,Gårdsnavn,etternavn
Ølstadløkken,øl|stad|løkken,24,Gårdsnavn,etternavn
Ølstøren,øl|stør|en,64,Gårdsnavn,etternavn
Ølstørn,øl|stør|n,60,Gårdsnavn,etternavn
Øpsen,øp|sen,21,Gårdsnavn,etternavn
Øpstad,øp|stad,82,Gårdsnavn,etternavn
Øpstebø,øp|ste|bø,14,Gårdsnavn,etternavn
Øra,øra,44,Gårdsnavn,etternavn
Ørbech,ør|bech,27,Gårdsnavn,etternavn
Ørbeck,ør|beck,215,Gårdsnavn,etternavn
Ørbek,ør|bek,12,Gårdsnavn,etternavn
Ørbekk,ør|bekk,39,Gårdsnavn,etternavn
Ørbog,ør|bog,64,Gårdsnavn,etternavn
Ørbæk,ør|bæk,101,Gårdsnavn,etternavn
Ørdal,ør|dal,34,Gårdsnavn,etternavn
Ørebeck,øre|beck,27,Gårdsnavn,etternavn
Øren,ør|en,711,Gårdsnavn,etternavn
Ørgersen,ør|ger|sen,26,Patronym,etternavn
Øritsland,ør|its|land,71,Gårdsnavn,etternavn
Ørjansen,ør|jan|sen,194,Patronym,etternavn
Ørjasæter,ør|ja|sæ|ter,126,Gårdsnavn,etternavn
Ørjavik,ør|ja|vik,56,Gårdsnavn,etternavn
Ørka,ørk|a,37,Gårdsnavn,etternavn
Ørken,ørk|en,10,Gårdsnavn,etternavn
Ørland,ør|land,97,Gårdsnavn,etternavn
Ørmen,ørm|en,204,Gårdsnavn,etternavn
Ørn,ørn,65,Annet,etternavn
Ørndahl,ørn|dahl,16,Gårdsnavn,etternavn
Ørndal,ørn|dal,15,Gårdsnavn,etternavn
Ørnebakk,ør|ne|bakk,26,Gårdsnavn,etternavn
Ørnehaug,ør|ne|haug,41,Gårdsnavn,etternavn
Ørnes,ør|nes,155,Gårdsnavn,etternavn
Ørnevik,ør|ne|vik,28,Gårdsnavn,etternavn
Ørnhaug,ørn|haug,27,Gårdsnavn,etternavn
Ørnholt,ørn|holt,29,Gårdsnavn,etternavn
Ørnsrud,ørns|rud,25,Gårdsnavn,etternavn
Ørpen,ør|pen,65,Gårdsnavn,etternavn
Ørpetvedt,ør|pe|tvedt,16,Gårdsnavn,etternavn
Ørpetveit,ør|pe|tveit,15,Gårdsnavn,etternavn
Ørsahl,ør|sahl,13,Gårdsnavn,etternavn
Ørsal,ør|sal,61,Gårdsnavn,etternavn
Ørseng,ørs|eng,76,Gårdsnavn,etternavn
Ørsjødal,ør|sjø|dal,33,Gårdsnavn,etternavn
Ørsland,ørs|land,59,Gårdsnavn,etternavn
Ørsleie,ørs|leie,28,Gårdsnavn,etternavn
Ørslien,ørs|lien,54,Gårdsnavn,etternavn
Ørsnes,ørs|nes,54,Gårdsnavn,etternavn
Ørstad,ør|stad,68,Gårdsnavn,etternavn
Ørstavik,ør|sta|vik,187,Gårdsnavn,etternavn
Ørstenvik,ør|sten|vik,32,Gårdsnavn,etternavn
Ørud,ø|rud,17,Gårdsnavn,etternavn
Ørum,ø|rum,47,Annet,etternavn
Ørvik,ør|vik,82,Gårdsnavn,etternavn
Øraas,ør|aas,13,Gårdsnavn,etternavn
Øseth,ø|seth,46,Gårdsnavn,etternavn
Øsleby,øsle|by,16,Gårdsnavn,etternavn
Øslebye,øsle|bye,16,Gårdsnavn,etternavn
Øslebø,øsle|bø,32,Gårdsnavn,etternavn
Øsmundset,øs|mund|set,12,Gårdsnavn,etternavn
Østad,ø|stad,47,Gårdsnavn,etternavn
Østbakk,øst|bakk,20,Gårdsnavn,etternavn
Østbakken,øst|bakk|en,23,Gårdsnavn,etternavn
Østberg,øst|berg,353,Gårdsnavn,etternavn
Østborg,øst|borg,165,Gårdsnavn,etternavn
Østbu,øst|bu,40,Gårdsnavn,etternavn
Østby,øst|by,1985,Gårdsnavn,etternavn
Østbye,øst|bye,507,Gårdsnavn,etternavn
Østbyhaug,øst|by|haug,49,Gårdsnavn,etternavn
Østbø,øst|bø,484,Gårdsnavn,etternavn
Østbøl,øst|bøl,13,Gårdsnavn,etternavn
Østbøll,øst|bøll,41,Gårdsnavn,etternavn
Østdahl,øst|dahl,72,Gårdsnavn,etternavn
Østebrød,øs|te|brød,100,Gårdsnavn,etternavn
Østebrøt,øs|te|brøt,29,Gårdsnavn,etternavn
Østeby,øs|te|by,84,Gårdsnavn,etternavn
Østebø,øs|te|bø,461,Gårdsnavn,etternavn
Østebøvik,øs|te|bø|vik,137,Gårdsnavn,etternavn
Østefjells,øst|e|fjells,41,Gårdsnavn,etternavn
Østen,øs|ten,49,Gårdsnavn,etternavn
Østenby,øs|ten|by,72,Gårdsnavn,etternavn
Østenengen,øs|ten|eng|en,43,Gårdsnavn,etternavn
Østenfor,øst|en|for,24,Gårdsnavn,etternavn
Østeng,øst|eng,84,Gårdsnavn,etternavn
Østengen,øst|eng|en,110,Gårdsnavn,etternavn
Østenheden,øst|en|hed|en,26,Gårdsnavn,etternavn
Østenrød,øst|en|rød,14,Gårdsnavn,etternavn
Østensen,øst|en|sen,940,Patronym,etternavn
Østensjø,øst|en|sjø,76,Gårdsnavn,etternavn
Østenstad,øst|en|stad,207,Gårdsnavn,etternavn
Østensvig,øst|en|svig,96,Gårdsnavn,etternavn
Østensvik,øst|en|svik,52,Gårdsnavn,etternavn
Østenå,øs|te|nå,33,Gårdsnavn,etternavn
Øster,øs|ter,39,Annet,etternavn
Østerberg,øs|ter|berg,136,Annet,etternavn
Østerby,øs|ter|by,28,Annet,etternavn
Østerbø,øs|ter|bø,305,Gårdsnavn,etternavn
Østerbøe,øs|ter|bøe,11,Gårdsnavn,etternavn
Østerdahl,øs|ter|dahl,30,Gårdsnavn,etternavn
Østerdal,øs|ter|dal,64,Gårdsnavn,etternavn
Østereng,øs|ter|erng,121,Gårdsnavn,etternavn
Østergren,øs|ter|gren,36,Annet,etternavn
Østergård,øs|ter|gård,13,Annet,etternavn
Østergaard,øs|ter|gaard,89,Annet,etternavn
Østerhagen,øs|ter|ha|gen,116,Gårdsnavn,etternavn
Østerhaug,øs|ter|haug,93,Gårdsnavn,etternavn
Østerholt,øs|ter|holt,72,Gårdsnavn,etternavn
Østerhus,øs|ter|hus,484,Gårdsnavn,etternavn
Østerkløft,øs|ter|kløft,15,Gårdsnavn,etternavn
Østerli,øs|ter|li,44,Gårdsnavn,etternavn
Østerlid,øs|ter|lid,12,Gårdsnavn,etternavn
Østerlie,øs|ter|lie,92,Gårdsnavn,etternavn
Østern,øs|tern,147,Gårdsnavn,etternavn
Østerud,øs|te|rud,248,Gårdsnavn,etternavn
Østervold,øs|ter|vold,191,Gårdsnavn,etternavn
Østerås,øs|ter|ås,303,Gårdsnavn,etternavn
Østeraas,øs|ter|aas,86,Gårdsnavn,etternavn
Østevik,øs|te|vik,141,Gårdsnavn,etternavn
Østevold,øs|te|vold,63,Gårdsnavn,etternavn
Østgulen,øst|gul|en,43,Gårdsnavn,etternavn
Østgård,øst|gård,592,Gårdsnavn,etternavn
Østgaard,øst|gaard,286,Gårdsnavn,etternavn
Østgårdsgjelten,øst|gårds|gjelt|en,19,Gårdsnavn,etternavn
Østhagen,øst|ha|gen,185,Gårdsnavn,etternavn
Østhassel,øst|hass|el,42,Gårdsnavn,etternavn
Østhaug,øst|haug,54,Gårdsnavn,etternavn
Østheim,øst|heim,81,Gårdsnavn,etternavn
Østhus,øst|hus,441,Gårdsnavn,etternavn
Østigård,øst|i|gård,100,Gårdsnavn,etternavn
Østigaard,øst|i|gaard,21,Gårdsnavn,etternavn
Østingsen,Øst|ing|sen,26,Patronym,etternavn
Østland,øst|land,49,Gårdsnavn,etternavn
Østli,øst|li,662,Gårdsnavn,etternavn
Østlid,øst|lid,68,Gårdsnavn,etternavn
Østlie,øst|lie,385,Gårdsnavn,etternavn
Østlien,øst|li|en,40,Gårdsnavn,etternavn
Østling,øst|ling,32,Annet,etternavn
Østlund,øst|lund,222,Annet,etternavn
Østlyng,Øst|lyng,37,Gårdsnavn,etternavn
Østlyngen,Øst|lyng|en,91,Gårdsnavn,etternavn
Østman,øst|man,39,Annet,etternavn
Østmann,øst|mann,24,Annet,etternavn
Østmark,øst|mark,74,Gårdsnavn,etternavn
Østmo,øst|mo,336,Gårdsnavn,etternavn
Østmoe,øst|moe,161,Gårdsnavn,etternavn
Østmoen,øst|mo|en,124,Gårdsnavn,etternavn
Østnes,Øst|nes,111,Gårdsnavn,etternavn
Østnor,øst|nor,78,Gårdsnavn,etternavn
Østre,øst|e,42,Gårdsnavn,etternavn
Østreim,øst|reim,59,Gårdsnavn,etternavn
Østrem,øst|rem,943,Gårdsnavn,etternavn
Østreng,øst|reng,233,Gårdsnavn,etternavn
Østring,øst|ring,37,Annet,etternavn
Østro,øst|ro,46,Gårdsnavn,etternavn
Østrådt,øst|rådt,12,Gårdsnavn,etternavn
Østråt,øst|råt,23,Gårdsnavn,etternavn
Østraat,øst|raat,114,Gårdsnavn,etternavn
Østrått,øst|rått,36,Gårdsnavn,etternavn
Østtveit,øst|tveit,49,Gårdsnavn,etternavn
Østvand,øst|vand,32,Gårdsnavn,etternavn
Østvang,øst|vang,203,Gårdsnavn,etternavn
Østvann,øst|vann,13,Gårdsnavn,etternavn
Østvedt,øst|vedt,40,Gårdsnavn,etternavn
Østvig,øst|vig,13,Gårdsnavn,etternavn
Østvik,øst|vik,356,Gårdsnavn,etternavn
Østvold,øst|vold,503,Gårdsnavn,etternavn
Østvoll,øst|voll,32,Gårdsnavn,etternavn
Østvåg,øst|våg,26,Gårdsnavn,etternavn
Øvensen,Øv|en|sen,53,Patronym,etternavn
Øverbekk,Øv|er|bekk,26,Gårdsnavn,etternavn
Øverberg,Øv|er|berg,38,Gårdsnavn,etternavn
Øverby,,991,Gårdsnavn,etternavn
Øverbye,,108,Gårdsnavn,etternavn
Øverbø,,293,Gårdsnavn,etternavn
Øverdahl,,14,Gårdsnavn,etternavn
Øverdal,,114,Gårdsnavn,etternavn
Øveren,,29,Gårdsnavn,etternavn
Øvereng,,266,Gårdsnavn,etternavn
Øverengen,,24,Gårdsnavn,etternavn
Øvergård,,580,Gårdsnavn,etternavn
Øvergaard,,298,Gårdsnavn,etternavn
Øverhaug,,30,Gårdsnavn,etternavn
Øverhaugen,,16,Gårdsnavn,etternavn
Øverjord,,16,Gårdsnavn,etternavn
Øverjordet,,88,Gårdsnavn,etternavn
Øverkil,,74,Gårdsnavn,etternavn
Øverland,,1543,Gårdsnavn,etternavn
Øverleir,,37,Gårdsnavn,etternavn
Øverli,,593,Gårdsnavn,etternavn
Øverlia,,13,Gårdsnavn,etternavn
Øverlid,,12,Gårdsnavn,etternavn
Øverlie,,88,Gårdsnavn,etternavn
Øverlien,,73,Gårdsnavn,etternavn
Øverlier,,75,Gårdsnavn,etternavn
Øvermo,,74,Gårdsnavn,etternavn
Øvern,,25,Gårdsnavn,etternavn
Øvernes,,77,Gårdsnavn,etternavn
Øverseth,,36,Gårdsnavn,etternavn
Øversjøen,,61,Gårdsnavn,etternavn
Øversveen,,191,Gårdsnavn,etternavn
Øvervold,,25,Gårdsnavn,etternavn
Øvervoll,,68,Gårdsnavn,etternavn
Øverås,,603,Gårdsnavn,etternavn
Øveraas,,131,Gårdsnavn,etternavn
Øveråsen,,40,Gårdsnavn,etternavn
Øveraasen,,55,Gårdsnavn,etternavn
Øvestad,,111,Gårdsnavn,etternavn
Øvland,,194,Gårdsnavn,etternavn
Øvre,,158,Gårdsnavn,etternavn
Øvreberg,,67,Gårdsnavn,etternavn
Øvrebotn,,12,Gårdsnavn,etternavn
Øvrebotten,,126,Gårdsnavn,etternavn
Øvrebust,,63,Gårdsnavn,etternavn
Øvrebø,,1149,Gårdsnavn,etternavn
Øvrebøe,,27,Gårdsnavn,etternavn
Øvredal,,49,Gårdsnavn,etternavn
Øvreeide,,109,Gårdsnavn,etternavn
ØvreEide,,10,Gårdsnavn,etternavn
Øvregard,,31,Gårdsnavn,etternavn
Øvregård,,131,Gårdsnavn,etternavn
Øvregaard,,68,Gårdsnavn,etternavn
Øvrehus,,141,Gårdsnavn,etternavn
Øvrelid,,265,Gårdsnavn,etternavn
Øvreseth,,76,Gårdsnavn,etternavn
Øvretun,,31,Gårdsnavn,etternavn
Øvretvedt,,24,Gårdsnavn,etternavn
Øvretveit,,347,Gårdsnavn,etternavn
Øvrevik,,199,Gårdsnavn,etternavn
Øvrevold,,18,Gårdsnavn,etternavn
Øvrevoll,,60,Gårdsnavn,etternavn
Øvreås,,106,Gårdsnavn,etternavn
Øvringmo,,28,Gårdsnavn,etternavn
Øvrum,,197,Gårdsnavn,etternavn
Øvstebø,,248,Gårdsnavn,etternavn
Øvstedal,,242,Gårdsnavn,etternavn
Øvstegård,,108,Gårdsnavn,etternavn
Øvstegaard,,15,Gårdsnavn,etternavn
Øvstehage,,33,Gårdsnavn,etternavn
Øvsteland,,28,Gårdsnavn,etternavn
Øvsteng,,17,Gårdsnavn,etternavn
Øvsterud,,19,Gårdsnavn,etternavn
Øvstetun,,165,Gårdsnavn,etternavn
Øvsthus,,256,Gårdsnavn,etternavn
Øwre,,305,Gårdsnavn,etternavn
Øxnes,,11,Gårdsnavn,etternavn
Øxnevad,,132,Gårdsnavn,etternavn
Øxseth,,59,Gårdsnavn,etternavn
Øya,,131,Gårdsnavn,etternavn
Øyahals,,33,Gårdsnavn,etternavn
Øyan,,274,Gårdsnavn,etternavn
Øyane,,33,Gårdsnavn,etternavn
Øyangen,,89,Gårdsnavn,etternavn
Øyarhamn,,18,Gårdsnavn,etternavn
Øyasæter,,45,Gårdsnavn,etternavn
Øybakken,,71,Gårdsnavn,etternavn
Øyberg,,67,Gårdsnavn,etternavn
Øydegard,,23,Gårdsnavn,etternavn
Øydna,,76,Gårdsnavn,etternavn
Øydne,,24,Gårdsnavn,etternavn
Øydvin,,112,Gårdsnavn,etternavn
Øye,,1017,Gårdsnavn,etternavn
Øyeflaten,,36,Gårdsnavn,etternavn
Øyehaug,,81,Gårdsnavn,etternavn
Øyen,,1366,Gårdsnavn,etternavn
Øyerhamn,,29,Gårdsnavn,etternavn
Øyerhavn,,10,Gårdsnavn,etternavn
Øyestad,,10,Gårdsnavn,etternavn
Øygard,,462,Gårdsnavn,etternavn
Øygarden,,803,Gårdsnavn,etternavn
Øygård,,35,Gårdsnavn,etternavn
Øyhaugen,,34,Gårdsnavn,etternavn
Øyhovden,,24,Gårdsnavn,etternavn
Øyhus,,103,Gårdsnavn,etternavn
Øyjord,,65,Gårdsnavn,etternavn
Øyjordet,,39,Gårdsnavn,etternavn
Øyjordsbakken,,66,Gårdsnavn,etternavn
Øymo,,38,Gårdsnavn,etternavn
Øymoen,,38,Gårdsnavn,etternavn
Øyna,,59,Gårdsnavn,etternavn
Øynebråten,,64,Gårdsnavn,etternavn
Øynes,,210,Gårdsnavn,etternavn
Øyo,,25,Gårdsnavn,etternavn
Øyra,,42,Gårdsnavn,etternavn
Øyre,,188,Gårdsnavn,etternavn
Øyrehagen,,25,Gårdsnavn,etternavn
Øyri,,87,Gårdsnavn,etternavn
Øyrås,,47,Gårdsnavn,etternavn
Øyslebø,,62,Gårdsnavn,etternavn
Øystad,,16,Gårdsnavn,etternavn
Øystese,,113,Gårdsnavn,etternavn
Øysæd,,62,Gårdsnavn,etternavn
Øyulvstad,,57,Gårdsnavn,etternavn
Øyum,,85,Gårdsnavn,etternavn
Øyås,,85,Gårdsnavn,etternavn
Øyaas,,31,Gårdsnavn,etternavn
Øzbal,,67,Annet,etternavn
Øzdemir,,103,Annet,etternavn
Øzkurt,,79,Annet,etternavn
Øztyrk,,73,Annet,etternavn
Åberg,,118,Gårdsnavn,etternavn
Åberge,,30,Gårdsnavn,etternavn
Åboen,,16,Gårdsnavn,etternavn
Åbrekk,,10,Gårdsnavn,etternavn
Åby,,37,Gårdsnavn,etternavn
Åbø,,90,Gårdsnavn,etternavn
Ådahl,,18,Gårdsnavn,etternavn
Ådalen,,70,Gårdsnavn,etternavn
Ådna,,11,Gårdsnavn,etternavn
Ådnesen,,22,Gårdsnavn,etternavn
Ådnevik,,12,Gårdsnavn,etternavn
Ådnøy,,35,Gårdsnavn,etternavn
Åeng,,16,Gårdsnavn,etternavn
Åfløy,,23,Gårdsnavn,etternavn
Ågedal,,156,Gårdsnavn,etternavn
Ågesen,,91,Gårdsnavn,etternavn
Ågnes,,43,Gårdsnavn,etternavn
Ågren,,101,Gårdsnavn,etternavn
Ågård,,17,Gårdsnavn,etternavn
Åhjem,,23,Gårdsnavn,etternavn
Åkenes,,16,Gårdsnavn,etternavn
Åker,,33,Gårdsnavn,etternavn
Åkerholm,,26,Gårdsnavn,etternavn
Åkerholt,,11,Gårdsnavn,etternavn
Åkerlund,,51,Gårdsnavn,etternavn
Åkerman,,47,Gårdsnavn,etternavn
Åkernes,,37,Gårdsnavn,etternavn
Åkervik,,22,Gårdsnavn,etternavn
Åkerøy,,63,Gårdsnavn,etternavn
Åknes,,10,Gårdsnavn,etternavn
Åkra,,64,Gårdsnavn,etternavn
Åkre,,252,Gårdsnavn,etternavn
Åkvik,,100,Gårdsnavn,etternavn
Åkvåg,,13,Gårdsnavn,etternavn
Åland,,74,Gårdsnavn,etternavn
Ålberg,,19,Gårdsnavn,etternavn
Ålbu,,11,Gårdsnavn,etternavn
Åle,,12,Gårdsnavn,etternavn
Ålgård,,60,Gårdsnavn,etternavn
Ålhus,,21,Gårdsnavn,etternavn
Ålien,,37,Gårdsnavn,etternavn
Ålmo,,14,Gårdsnavn,etternavn
Ålvik,,12,Gårdsnavn,etternavn
Åm,,54,Gårdsnavn,etternavn
Åmbakk,,35,Gårdsnavn,etternavn
Åmdal,,42,Gårdsnavn,etternavn
Åmelfot,,40,Gårdsnavn,etternavn
Åmland,,25,Gårdsnavn,etternavn
Åmli,,39,Gårdsnavn,etternavn
Åmlid,,63,Gårdsnavn,etternavn
Åmo,,42,Gårdsnavn,etternavn
Åmodt,,222,Gårdsnavn,etternavn
Åmot,,177,Gårdsnavn,etternavn
Åmås,,74,Gårdsnavn,etternavn
Åndahl,,17,Gårdsnavn,etternavn
Åndal,,80,Gårdsnavn,etternavn
Ånderå,,52,Gårdsnavn,etternavn
Ånensen,,258,Patronym,etternavn
Ånerud,,82,Gårdsnavn,etternavn
Ånes,,79,Gårdsnavn,etternavn
Ånesen,,54,Patronym,etternavn
Ånesland,,50,Gårdsnavn,etternavn
Ånestad,,233,Gårdsnavn,etternavn
Ånnerud,,14,Gårdsnavn,etternavn
Ånnestad,,15,Gårdsnavn,etternavn
Ånonli,,59,Gårdsnavn,etternavn
Ånonsen,,113,Patronym,etternavn
Ånstad,,23,Gårdsnavn,etternavn
Årberg,,12,Gårdsnavn,etternavn
Årbu,,10,Gårdsnavn,etternavn
Årbø,,12,Gårdsnavn,etternavn
Årdahl,,11,Gårdsnavn,etternavn
Årdal,,437,Gårdsnavn,etternavn
Årdalen,,21,Gårdsnavn,etternavn
Årdalsbakke,,18,Gårdsnavn,etternavn
Årebrot,,29,Gårdsnavn,etternavn
Årekol,,27,Gårdsnavn,etternavn
Åreskjold,,106,Gårdsnavn,etternavn
Årestrup,,13,Annet,etternavn
Årethun,,20,Gårdsnavn,etternavn
Århaug,,10,Gårdsnavn,etternavn
Århus,,95,Gårdsnavn,etternavn
Årland,,39,Gårdsnavn,etternavn
Årli,,21,Gårdsnavn,etternavn
Årlid,,20,Gårdsnavn,etternavn
Årmo,,38,Gårdsnavn,etternavn
Årnes,,269,Gårdsnavn,etternavn
Årre,,31,Gårdsnavn,etternavn
Årreberg,,14,Gårdsnavn,etternavn
Årrestad,,73,Gårdsnavn,etternavn
Årsand,,18,Gårdsnavn,etternavn
Årsbog,,54,Gårdsnavn,etternavn
Årset,,39,Gårdsnavn,etternavn
Årseth,,274,Gårdsnavn,etternavn
Årsheim,,44,Gårdsnavn,etternavn
Årskaug,,47,Gårdsnavn,etternavn
Årskog,,56,Gårdsnavn,etternavn
Årsland,,116,Gårdsnavn,etternavn
Årsnes,,36,Gårdsnavn,etternavn
Årstad,,151,Gårdsnavn,etternavn
Årstein,,26,Gårdsnavn,etternavn
Årsund,,16,Gårdsnavn,etternavn
Årsvold,,52,Gårdsnavn,etternavn
Årsvoll,,45,Gårdsnavn,etternavn
Årthun,,124,Gårdsnavn,etternavn
Årtun,,29,Gårdsnavn,etternavn
Årum,,12,Gårdsnavn,etternavn
Årvik,,292,Gårdsnavn,etternavn
Årvold,,19,Gårdsnavn,etternavn
Årvoll,,23,Gårdsnavn,etternavn
Årvåg,,17,Gårdsnavn,etternavn
Årøe,,17,Gårdsnavn,etternavn
Årøen,,54,Gårdsnavn,etternavn
Årøy,,33,Gårdsnavn,etternavn
Ås,,279,Gårdsnavn,etternavn
Åsan,,36,Gårdsnavn,etternavn
Åsarmoen,,22,Gårdsnavn,etternavn
Åsbakk,,77,Gårdsnavn,etternavn
Åsberg,,106,Gårdsnavn,etternavn
Åsbø,,125,Gårdsnavn,etternavn
Åse,,163,Gårdsnavn,etternavn
Åsebø,,220,Gårdsnavn,etternavn
Åsegg,,42,Gårdsnavn,etternavn
Åsen,,645,Gårdsnavn,etternavn
Åseng,,58,Gårdsnavn,etternavn
Åsengen,,29,Gårdsnavn,etternavn
Åsenhus,,25,Gårdsnavn,etternavn
Åser,,10,Gårdsnavn,etternavn
Åserud,,72,Gårdsnavn,etternavn
Åserød,,76,Gårdsnavn,etternavn
Åseth,,26,Gårdsnavn,etternavn
Åsgard,,50,Gårdsnavn,etternavn
Åsgård,,120,Gårdsnavn,etternavn
Åsgrav,,10,Gårdsnavn,etternavn
Åshamar,,30,Gårdsnavn,etternavn
Åshammer,,38,Gårdsnavn,etternavn
Åsheim,,964,Gårdsnavn,etternavn
Åsjord,,32,Gårdsnavn,etternavn
Åsland,,352,Gårdsnavn,etternavn
Åsli,,134,Gårdsnavn,etternavn
Åslid,,21,Gårdsnavn,etternavn
Åslie,,50,Gårdsnavn,etternavn
Åslund,,86,Gårdsnavn,etternavn
Åsly,,76,Gårdsnavn,etternavn
Åsmo,,49,Gårdsnavn,etternavn
Åsmul,,119,Gårdsnavn,etternavn
Åsmundsen,,26,Patronym,etternavn
Åsmundstad,,11,Gårdsnavn,etternavn
Åsnes,,165,Gårdsnavn,etternavn
Åsrud,,32,Gårdsnavn,etternavn
Åssveen,,36,Gårdsnavn,etternavn
Åstebøl,,16,Gårdsnavn,etternavn
Åstorp,,19,Gårdsnavn,etternavn
Åstrøm,,127,Gårdsnavn,etternavn
Åstvedt,,16,Gårdsnavn,etternavn
Åstveit,,44,Gårdsnavn,etternavn
Åsulfsen,,16,Patronym,etternavn
Åsum,,23,Gårdsnavn,etternavn
Åsvang,,118,Gårdsnavn,etternavn
Åsvestad,,41,Gårdsnavn,etternavn
Åsvik,,40,Gårdsnavn,etternavn
Åsvold,,38,Gårdsnavn,etternavn
Åsvoll,,28,Gårdsnavn,etternavn
Åteigen,,67,Gårdsnavn,etternavn
Åvik,,37,Gårdsnavn,etternavn
Åvitsland,,64,Gårdsnavn,etternavn
Åbyholm,,41,Gårdsnavn,etternavn
Ådland,,329,Gårdsnavn,etternavn
Ådlandsvik,,139,Gårdsnavn,etternavn
Ådnanes,,178,Gårdsnavn,etternavn
Ådnebergli,,26,Gårdsnavn,etternavn
Ådneram,,42,Gårdsnavn,etternavn
Ågotnes,,208,Gårdsnavn,etternavn
Åhlander,,30,Annet,etternavn
Åkesson,,96,Patronym,etternavn
Åldstedt,,58,Annet,etternavn
Åman,,28,Annet,etternavn
Åkenes,,15,Gårdsnavn,etternavn
Ålerød,,10,Gårdsnavn,etternavn
Åleskjær,,21,Gårdsnavn,etternavn
Ålykkja,,13,Gårdsnavn,etternavn
Åmellem,,30,Gårdsnavn,etternavn
Åmillom,,10,Gårdsnavn,etternavn
Ånetsen,,31,Gårdsnavn,etternavn
Ånneland,,55,Gårdsnavn,etternavn
Ånsløkken,,47,Gårdsnavn,etternavn
Årbogen,,96,Gårdsnavn,etternavn
Årmot,,47,Gårdsnavn,etternavn
Årevik,,19,Gårdsnavn,etternavn
Årikstad,,31,Gårdsnavn,etternavn
Årsandøy,,59,Gårdsnavn,etternavn
Åselid,,12,Gårdsnavn,etternavn
Åsenden,,24,Gårdsnavn,etternavn
Åshagen,,16,Gårdsnavn,etternavn
Åstrand,,44,Gårdsnavn,etternavn
Åtland,,86,Gårdsnavn,etternavn
Åvangen,,20,Gårdsnavn,etternavn
Åvedal,,28,Gårdsnavn,etternavn
Åvendal,,12,Gårdsnavn,etternavn